{"cameraMode":{"drawMode":0,"name":"Shaded","section":"Shading Mode"},"sceneLighting":true,"audioPlay":false,"sceneViewState":{"showFog":true,"showMaterialUpdate":false,"showSkybox":true,"showFlares":true,"showImageEffects":true,"showParticleSystems":true},"in2DMode":false,"pivot":{"x":336.94073486328127,"y":160.08724975585938,"z":-3.125},"rotation":{"x":0.0029999816324561836,"y":-0.0030000272672623398,"z":0.000008999926649266854,"w":0.9999909996986389},"size":550.654052734375,"orthographic":true}